feature,median_delta,mean_delta,n,p_raw,p_fdr_bh,sig_fdr_0.05
insight,0.8175482875513786,1.0138599576574996,13,0.000244140625,0.016845703125,True
informal,-0.6050931262512895,-0.6011043904249304,13,0.00048828125,0.016845703125,True
female,-0.024945222099795154,-0.03409942472960864,13,0.0009765625,0.0224609375,True
