Model,Num Samples,ROUGE-1,ROUGE-2,ROUGE-L,BERTScore Precision,BERTScore Recall,BERTScore F1,SummaCZS Avg,Total Generation Time (s),Avg Time per Summary (s)
c4ai-command-r-plus-Q4_K_M.gguf,889,0.178154,0.030951,0.17163,0.670487,0.719275,0.693355,0.417443,11939.154007,13.42987
calm3-22b-chat-Q4_K_M.gguf,889,0.156494,0.023892,0.147801,0.633757,0.722829,0.674724,0.611713,4064.92584,4.57247
gpt-oss-20b-Q4_K_M.gguf,889,0.136243,0.019967,0.126776,0.619805,0.714968,0.663269,0.584644,7556.02801,8.499469
qwen2-7b-instruct-q5_k_m.gguf,889,0.153112,0.023364,0.1405,0.623651,0.721051,0.668309,0.640019,3099.149766,3.486108
