score,model_name,compression_rate
0.3173397623567577,qwen2,0.20633943473449157
